﻿<parameters>
  <parameter name="IIS Web Application Name" defaultValue="Default Web Site/website_deploy" tags="IisApp">
    <parameterEntry kind="ProviderPath" scope="IisApp" match="^C:\\Users\\ParupatiK\\AppData\\Local\\Temp\\WebSitePublish\\JenkinTesting_1--1738660895\\obj\\Debug\\Package\\PackageTmp$" />
    <parameterEntry kind="ProviderPath" scope="setAcl" match="^C:\\Users\\ParupatiK\\AppData\\Local\\Temp\\WebSitePublish\\JenkinTesting_1--1738660895\\obj\\Debug\\Package\\PackageTmp$" />
  </parameter>
  <parameter name="Add write permission to App_Data Folder" description="Add write permission to App_Data folder" defaultValue="{IIS Web Application Name}/App_Data" tags="Hidden">
    <parameterEntry kind="ProviderPath" scope="setAcl" match="^C:\\Users\\ParupatiK\\AppData\\Local\\Temp\\WebSitePublish\\JenkinTesting_1--1738660895\\obj\\Debug\\Package\\PackageTmp\\App_Data$" />
  </parameter>
  <parameter name="StarterSite-Web.config Connection String" defaultValue="Data Source=|DataDirectory|\StarterSite.sdf">
    <parameterEntry kind="XmlFile" scope="C:\\Users\\ParupatiK\\AppData\\Local\\Temp\\WebSitePublish\\JenkinTesting_1--1738660895\\obj\\Debug\\Package\\PackageTmp\\Web\.config$" match="/configuration/connectionStrings/add[@name='StarterSite']/@connectionString" />
  </parameter>
</parameters>